Title,Quantity,Actual Price in Rs,Discounted Price in Rs,Stock,Category,Store
TAPAL FAMILY MIXTURE TEA 430G,430 G,780,777,In stock,Tea & coffee,QNE
Tapal Family Mixture  900 gm Pouch,900 gm,"1,600","1,550",In stock,Tea & coffee,QNE
Nestle Nescafe Classic 50g,50 g,550,524,In stock,Tea & coffee,QNE
Tapal Family Mixture  170 gm,170 gm,330,326,In stock,Tea & coffee,QNE
Tapal Danedar Tea 170 gm,170 gm,330,326,In stock,Tea & coffee,QNE
Tapal Danedar Tea 430 gm,430 gm,780,770,In stock,Tea & coffee,QNE
Tapal FAMILY MIXTURE TEA TAPAL 85GM,85 GM,170,168,In stock,Tea & coffee,QNE
Tapal Danedar Tea 350 gm,350 gm,650,641,In stock,Tea & coffee,QNE
Vital Tea Chamomile 30 Tea bags,30 Tea,175,165,In stock,Tea & coffee,QNE
Vital Tea Pouch 350 gm,350 gm,780,722,In stock,Tea & coffee,QNE
Tapal Danedar Tea 95 gm,95 gm,168,,In stock,Tea & coffee,QNE
Tapal Danedar Tea Jar 450 gm,450 gm,820,805,In stock,Tea & coffee,QNE
Lipton Yellow Label Black Tea 475 gm,475 gm,439,,In stock,Tea & coffee,QNE
Tapal Danedar Tea 900 gm,900 gm,"1,600","1,575",In stock,Tea & coffee,QNE
Brooke Bond Supreme Black Tea 475 gm,475 gm,769,759,In stock,Tea & coffee,QNE
Vital Tea  950 Gms,950 Gms,"1,120","1,110",In stock,Tea & coffee,QNE
TAPAL GREEN TEA BAGS LEMON 30s,30 s,130,119,In stock,Tea & coffee,QNE
Brooke Bond Supreme Black Tea Jar 450 gm,450 gm,717,707,In stock,Tea & coffee,QNE
Lipton Green Tea Bags - Lemon 25 Sachets,25 Sachets,129,119,In stock,Tea & coffee,QNE
Tapal Danedar Tea Bags 25s Tea Bags,25 s,134,124,In stock,Tea & coffee,QNE
Tapal Danedar Jar 450gm,450 gm,650,640,In stock,Tea & coffee,QNE
Lipton Yellow Label Tea Bag 50S 100Gm,50 S,660,650,In stock,Tea & coffee,QNE
Tapal Tezdum Tea Sachet,,10,8,In stock,Tea & coffee,QNE
Lipton Yellow Label Tea Bag 200Gm 100S,200 Gm,700,675,In stock,Tea & coffee,QNE
Nestle Nescafe Classic Coffee 100 gm,100 gm,890,880,Out of stock,Tea & coffee,QNE
Tapal Pure Green Tea Bags 30s Tea Bags - 45 Gm,30 s,190,180,Out of stock,Tea & coffee,QNE
Tapal Tea Green Tea Bag Tropical Peach 30 Tea Bag,30 Tea,162,152,Out of stock,Tea & coffee,QNE
TAPAL TEZDUM TEA 190 GM POUCH,190 GM,220,130,Out of stock,Tea & coffee,QNE
Nestle Nescafe Classic Coffee Sachet 50gm,50 gm,254,244,Out of stock,Tea & coffee,QNE
Lipton Yellow Label Tea 190G,190 G,260,239,Out of stock,Tea & coffee,QNE
Brooke Bond Supreme Tea Pouch  950 gm,950 gm,870,786,Out of stock,Tea & coffee,QNE
TAPAL TEZDUM TEA 950G POUCH,950 G,"1,355","1,345",Out of stock,Tea & coffee,QNE
Lipton Yellow Label Danedar Strong Tea 95gm,95 gm,110,99,Out of stock,Tea & coffee,QNE
Tapal Green Tea - Jasmine 45 gm Tea Bags,45 gm,162,152,Out of stock,Tea & coffee,QNE
Lipton Yellow Label Black Tea 95 gm,95 gm,120,100,Out of stock,Tea & coffee,QNE
Lipton Green Tea Bag Pure And Light 25S 32.5 gm,25 S,118,75,Out of stock,Tea & coffee,QNE
Lipton Yellow Label Black Tea 380 gm,380 gm,420,392,Out of stock,Tea & coffee,QNE
Tapal Danedar Round Tea Bags 80pcs,80 pcs,550,520,Out of stock,Tea & coffee,QNE
Vital Green Tea Jasmin Jar (100gm),100 gm,148,138,Out of stock,Tea & coffee,QNE
Vital Green Tea Bags Lemon 30 pcs Box,30 pcs,135,125,Out of stock,Tea & coffee,QNE
Vital Tea  Natural Green tea Jar 100 gm,100 gm,149,139,Out of stock,Tea & coffee,QNE
Tapal Strawberry Bliss Green Tea Bags 30s Tea Bags - 45 Gm,30 s,129,119,Out of stock,Tea & coffee,QNE
Brooke Bond Supreme 95gm Bachat Pack,95 gm,120,100,Out of stock,Tea & coffee,QNE
Lipton Yellow Label Danedar Strong Tea 190gm,190 gm,191,,Out of stock,Tea & coffee,QNE
TAPAL TEZDUM TEA 475G,475 G,500,400,Out of stock,Tea & coffee,QNE
Vital Tea 200gm 100 Tea Bags,200 gm,565,555,Out of stock,Tea & coffee,QNE
Tapal Danedar Elaichi Tea 95gm,95 gm,158,148,Out of stock,Tea & coffee,QNE
Tapal Danedar Tea 95 gm Buy 1 Get 1 Free,95 gm,158,148,Out of stock,Tea & coffee,QNE
Mezan Awaz 70gm,70 gm,50,40,Out of stock,Tea & coffee,QNE
Vital Green Tea Bags Jasmine 30 pcs Box,30 pcs,129,119,Out of stock,Tea & coffee,QNE
Vital Green Tea Cardamom 30 pcs Box,30 pcs,135,125,Out of stock,Tea & coffee,QNE
Vital Tea Jar 425 gm,425 gm,467,457,Out of stock,Tea & coffee,QNE
Vital Green Tea Bags Plain Natural 30 pcs Box,30 pcs,129,119,Out of stock,Tea & coffee,QNE
Nescafe Gold Coffee 50 gm,50 gm,479,,Out of stock,Tea & coffee,QNE
TAPAL GREEN TEA BAGS LEMON 90s,90 s,390,,Out of stock,Tea & coffee,QNE
Vital Tea 100 GM 50 Tea Bags,100 GM,228,218,Out of stock,Tea & coffee,QNE
Vital Tea 1900 Gms,1900 Gms,190,,Out of stock,Tea & coffee,QNE
Vital Green Tea Lemon Jar (100gm),100 gm,150,140,Out of stock,Tea & coffee,QNE
Lipton Yellow Label Black Tea Jar 475G,475 G,"1,000",,Out of stock,Tea & coffee,QNE
Kohinoor Josh  danedar Tea 380G,380 G,385,378,Out of stock,Tea & coffee,QNE
Lipton Green Tea Watermelon Mint 25 Tea Bags,25 Tea,99,,Out of stock,Tea & coffee,QNE
Sipona Kahva Quetta Tea 50`s Cup Box,,191,,Out of stock,Tea & coffee,QNE
Tapal Danedar Tea Bag (Envelope) 100 Tea Bags 200gm,100 Tea,580,530,Out of stock,Tea & coffee,QNE
Lipton Yellow Label Tea Bags 50 Sachet,50 Sachet,140,,Out of stock,Tea & coffee,QNE
Lipton Yellow Label Black Tea Bags 100 Sachets,100 Sachets,438,,Out of stock,Tea & coffee,QNE
National Mixed Fruit Chunky Jam 385gm,385 gm,540,486,In stock,Breakfast food & cereals,QNE
National Strawberry Bliss Chunky Jam 385gm,385 gm,650,584,In stock,Breakfast food & cereals,QNE
National Mango Jam 440 gm,440 gm,253,,In stock,Breakfast food & cereals,QNE
National Mango Magic Chunky Jam 385gm,385 gm,540,486,In stock,Breakfast food & cereals,QNE
Fauji Cereal Choco Cups 150G,150 G,335,,In stock,Breakfast food & cereals,QNE
Nestle Koko Krunch Cereals 150 gm,150 gm,730,,In stock,Breakfast food & cereals,QNE
Youngs French Chicken Spread 200 ml,200 ml,285,,In stock,Breakfast food & cereals,QNE
National Strawberry Jam Jar 440gm,440 gm,278,,In stock,Breakfast food & cereals,QNE
Langnese Black Forest Honey 500 gm,500 gm,"2,585","2,575",In stock,Breakfast food & cereals,QNE
Langnese Black Forest Honey 250 gm,250 gm,"1,225","1,100",In stock,Breakfast food & cereals,QNE
National Apple Jam 440 gm,440 gm,264,,In stock,Breakfast food & cereals,QNE
Happy Home Jelly Cryetals Orange 80 gm,80 gm,100,,In stock,Breakfast food & cereals,QNE
Quaker Quick Cooking White Oats 500g,500 g,595,,In stock,Breakfast food & cereals,QNE
Fauji Wheat Porridge 250 gm,250 gm,185,175,In stock,Breakfast food & cereals,QNE
Happy Home Jelly Crystals Strawberry 80gm,80 gm,100,,In stock,Breakfast food & cereals,QNE
Fauji Barley Porridge 175G,175 G,195,168,In stock,Breakfast food & cereals,QNE
Nestle Milo Cereal 15gm  Sachet,15 gm,15,,In stock,Breakfast food & cereals,QNE
Happy Home Jelly Cryetals Banana 80 gm,80 gm,100,,In stock,Breakfast food & cereals,QNE
Youngs Honey 250G Glass,250 G,335,329,In stock,Breakfast food & cereals,QNE
Nutella Chocolate Spread 350 gm,350 gm,769,759,In stock,Breakfast food & cereals,QNE
Youngs French Chicken Spread 1 Litre Pouch,1 Litre,935,925,In stock,Breakfast food & cereals,QNE
Young's Choco Bliss Chocolate Spread 300 gm,300 gm,500,,In stock,Breakfast food & cereals,QNE
Nutella Chocolate Spread Jar 630gm,630 gm,"1,960","1,949",In stock,Breakfast food & cereals,QNE
Fauji Corn Flakes 500 gm,500 gm,580,570,In stock,Breakfast food & cereals,QNE
Dawn Cake Rusk,,113,103,Out of stock,Breakfast food & cereals,QNE
Nestle Koko Krunch Cereals 330 gm,330 gm,700,690,Out of stock,Breakfast food & cereals,QNE
Mitchells Strawberry Jam 300gm,300 gm,155,145,Out of stock,Breakfast food & cereals,QNE
National Apple Jelly 440 gm,440 gm,115,,Out of stock,Breakfast food & cereals,QNE
Dawn Bread Fortified Large,,140,120,Out of stock,Breakfast food & cereals,QNE
Fauji Barley Porridge 250 gm,250 gm,185,175,Out of stock,Breakfast food & cereals,QNE
National Apple Delight Chunky Jam 385gm,385 gm,347,260,Out of stock,Breakfast food & cereals,QNE
Mitchells Pineapple Jelly 450gm,450 gm,168,160,Out of stock,Breakfast food & cereals,QNE
Dawn Bread Fortified Small,,100,80,Out of stock,Breakfast food & cereals,QNE
Fauji Cereal Chocolate Pops 150G,150 G,295,285,Out of stock,Breakfast food & cereals,QNE
Fauji Cereal Choco Cups 250G,250 G,379,369,Out of stock,Breakfast food & cereals,QNE
Youngs Choco Bliss Milk Chocolate Spread 150gm,150 gm,295,,Out of stock,Breakfast food & cereals,QNE
Fauji Corn Flakes Mango 250Gm,250 Gm,325,315,Out of stock,Breakfast food & cereals,QNE
Fauji Choco Corn Flakes 250G,250 G,443,433,Out of stock,Breakfast food & cereals,QNE
Fauji Cereal Chocolate Pops 250G,250 G,469,459,Out of stock,Breakfast food & cereals,QNE
Langnese Pure Bee Honey 500 gm,500 gm,"1,760","1,750",Out of stock,Breakfast food & cereals,QNE
Fauji Corn Flakes Strawberry 250Gm,250 Gm,290,280,Out of stock,Breakfast food & cereals,QNE
Langnese Pure Bee Honey 250g,250 g,929,919,Out of stock,Breakfast food & cereals,QNE
Fauji Corn Flakes Honey 250G,250 G,355,345,Out of stock,Breakfast food & cereals,QNE
Youngs Choco Bliss Milk Chocolate Spread 360 gm,360 gm,420,410,Out of stock,Breakfast food & cereals,QNE
Langnese Pure Bee Honey 375 gm,375 gm,"1,359","1,349",Out of stock,Breakfast food & cereals,QNE
Happy Home Jelly Cryetals Pineapple 80 gm,80 gm,80,70,Out of stock,Breakfast food & cereals,QNE
Mitchells Mixed Fruit Jam Tin 1050gm,1050 gm,325,315,Out of stock,Breakfast food & cereals,QNE
Youngs Natural Honey 500 ml,500 ml,609,599,Out of stock,Breakfast food & cereals,QNE
Nestle Koko Krunch Cereals 500 gm,500 gm,909,899,Out of stock,Breakfast food & cereals,QNE
Fauji Bran Flakes 250 gm,250 gm,420,410,Out of stock,Breakfast food & cereals,QNE
SWITZELLA HAZELNUT SPREAD 350GM,350 GM,400,,Out of stock,Breakfast food & cereals,QNE
Fruit Tree Jam Apricot  440 gm,440 gm,264,254,Out of stock,Breakfast food & cereals,QNE
Mitchells Strawberry Jam 1050 gm,1050 gm,325,315,Out of stock,Breakfast food & cereals,QNE
Fauji Corn Flakes 150G,150 G,173,163,Out of stock,Breakfast food & cereals,QNE
Fauji Choco Stars 250G,250 G,331,321,Out of stock,Breakfast food & cereals,QNE
Fruit Tree Jam Cherry 440 gm,440 gm,265,,Out of stock,Breakfast food & cereals,QNE
Guard Awami Basmati Rice  5 Kg,5 Kg,"1,490","1,325",In stock,Rice & pulses,QNE
Guard Tibar Aromatic Basmati Rice 1 Kg,1 Kg,370,,In stock,Rice & pulses,QNE
Guard Tibar Aromatic Basmati Rice 5 Kg,5 Kg,"2,025","1,825",In stock,Rice & pulses,QNE
Guard Super Kernal Basmati Rice 5kg,5 kg,"2,050",,In stock,Rice & pulses,QNE
Falak Extreme Basmati Rice  1 kg,1 kg,490,480,In stock,Rice & pulses,QNE
Falak Premium Rice 1 kg,1 kg,449,425,In stock,Rice & pulses,QNE
Guard Tukra Broken Basmati Rice 5Kg,5 Kg,"1,445","1,350",In stock,Rice & pulses,QNE
Falak Premium Rice 5 kg,5 kg,"2,235","2,100",In stock,Rice & pulses,QNE
Guard Super Kernal Basmati Rice 1kg,1 kg,415,,In stock,Rice & pulses,QNE
Shahenshah Supreme King Of Rice 1kg,1 kg,370,,In stock,Rice & pulses,QNE
Daal Masoor 0.5 Kg,0.5 Kg,145,,In stock,Rice & pulses,QNE
Daal Chana 1 Kg,1 Kg,190,175,In stock,Rice & pulses,QNE
Sunridge Daal Moong 1 Kg,1 Kg,330,,In stock,Rice & pulses,QNE
White Chana 1Kg,1 Kg,280,270,In stock,Rice & pulses,QNE
Guard Awami Basmati Rice  1 Kg,1 Kg,275,,In stock,Rice & pulses,QNE
Ponam supreme Basmati Rice 5kg,5 kg,"1,499",,In stock,Rice & pulses,QNE
Ponam Dal Moong 1kg,1 kg,205,195,In stock,Rice & pulses,QNE
Ponam Dal Masoor 1kg,1 kg,255,215,In stock,Rice & pulses,QNE
Daal Masoor 1 Kg,1 Kg,235,225,In stock,Rice & pulses,QNE
Guard Ultimate Natures Longest Basmati Rice  5 Kg,5 Kg,"2,490","2,400",In stock,Rice & pulses,QNE
Guard Super Kernal Sella Basmati Rice 1kg,1 kg,365,355,In stock,Rice & pulses,QNE
Daal Moong 1 Kg,1 Kg,215,,In stock,Rice & pulses,QNE
Shahenshah Tota Rice 5kg,5 kg,560,550,In stock,Rice & pulses,QNE
Falak Daily Rice 1 kg,1 kg,346,320,In stock,Rice & pulses,QNE
Shahenshah Ponia Rice 5kg,5 kg,650,640,Out of stock,Rice & pulses,QNE
Falak Select Super Basmati Rice 5Kg,5 Kg,"1,420","1,400",Out of stock,Rice & pulses,QNE
Jazaa Rozmarrah Rice (Green) 1 Kg,1 Kg,135,122,Out of stock,Rice & pulses,QNE
Falak Select Super Basmati Rice 1kg,1 kg,305,295,Out of stock,Rice & pulses,QNE
Sunridge Daal Chana 0.5 Kg,0.5 Kg,99,92,Out of stock,Rice & pulses,QNE
Black Chana 1kg,1 kg,180,170,Out of stock,Rice & pulses,QNE
Shahenshah Special Rice 1 Kg,1 Kg,230,220,Out of stock,Rice & pulses,QNE
Guard Super Kernal Sella Basmati Rice 5kg,5 kg,"1,535","1,525",Out of stock,Rice & pulses,QNE
Shahenshah Special Rice 5kg Bag,5 kg,"1,085","1,075",Out of stock,Rice & pulses,QNE
Guard Easy Cook Sella Rice Extra Extra Long Grain 5 Kg,5 Kg,"1,885","1,875",Out of stock,Rice & pulses,QNE
Reem Rice Awami 1kg,1 kg,140,125,Out of stock,Rice & pulses,QNE
Guard Tukra Broken Basmati Rice 1Kg,1 Kg,160,150,Out of stock,Rice & pulses,QNE
Guard Ultimate Nature's Longest Basmati Rice  1 Kg,1 Kg,435,425,Out of stock,Rice & pulses,QNE
Falak Daily Rice 5 kg,5 kg,"1,160","1,150",Out of stock,Rice & pulses,QNE
Falak Extreme Basmati Rice 5 kg,5 kg,"2,440","2,395",Out of stock,Rice & pulses,QNE
Reem Rice Steem Red 1kg,1 kg,150,145,Out of stock,Rice & pulses,QNE
Shahenshah Bachat 5kg,5 kg,810,800,Out of stock,Rice & pulses,QNE
Daal Masoor Black Whole 1kg,1 kg,225,215,Out of stock,Rice & pulses,QNE
Guard Brown Basmati Rice Jar 1.5 Kg,1.5 Kg,510,500,Out of stock,Rice & pulses,QNE
Reem Rice Basmati sella 1kg,1 kg,310,300,Out of stock,Rice & pulses,QNE
Daal Maash 1kg,1 kg,200,185,Out of stock,Rice & pulses,QNE
Sunridge Daal Mash 1kg,1 kg,280,262,Out of stock,Rice & pulses,QNE
Reem Rice Steem Red 5kg,5 kg,699,,Out of stock,Rice & pulses,QNE
Sunridge Masoor Sabut 1 Kg,1 Kg,210,198,Out of stock,Rice & pulses,QNE
Shahenshah Sella 1kg,1 kg,325,315,Out of stock,Rice & pulses,QNE
Mughal Pure Basmati Rice 1kg,1 kg,148,,Out of stock,Rice & pulses,QNE
Reem Rice Steem  Black 5kg,5 kg,"2,020","2,010",Out of stock,Rice & pulses,QNE
Mughal Rice Super Kernel 1kg,1 kg,240,195,Out of stock,Rice & pulses,QNE
Mughal Pure Basmati Rice 5kg,5 kg,735,,Out of stock,Rice & pulses,QNE
Reem Rice Steem Black 1kg,1 kg,225,,Out of stock,Rice & pulses,QNE
Shahenshah Bachat Rice 1kg,1 kg,165,,Out of stock,Rice & pulses,QNE
Shahenshah Supreme King Of Rice 5kg,5 kg,"1,820",,Out of stock,Rice & pulses,QNE
Reem Rice Steem Blue 5kg,5 kg,"1,050",999,Out of stock,Rice & pulses,QNE
Guard Easy Cook Sella Rice Extra Extra Long Grain 1 Kg,1 Kg,390,380,Out of stock,Rice & pulses,QNE
Shahenshah Super Star Rice 1kg,1 kg,395,385,Out of stock,Rice & pulses,QNE
Shahenshah Sella Rice 5kg,5 kg,"1,760","1,750",Out of stock,Rice & pulses,QNE
Shahenshah Anmol RiceÂ 1 kg,1 kg,250,240,Out of stock,Rice & pulses,QNE
Lazzat  Basmati Rice 5Kg,5 Kg,"1,200",,Out of stock,Rice & pulses,QNE
Black Chana 500gm,500 gm,85,,Out of stock,Rice & pulses,QNE
White Chana 500gm,500 gm,120,,Out of stock,Rice & pulses,QNE
Lazzat  Basmati Rice 5Kg,5 Kg,"1,200",,Out of stock,Rice & pulses,QNE
Maida 1kg,1 kg,180,160,Out of stock,Rice & pulses,QNE
Lazzat Basmati Rice 1 Kg Bag,1 Kg,225,,Out of stock,Rice & pulses,QNE
Shangrila Chilli Sauce 120ml,120 ml,68,,In stock,Cooking ingredients,QNE
National Chicken Tikka Masala 40gm,40 gm,90,73,In stock,Cooking ingredients,QNE
Shangrila Synthetic Vinegar  300ml,300 ml,100,94,In stock,Cooking ingredients,QNE
Shangrila Soy Sauce 120ml,120 ml,64,,In stock,Cooking ingredients,QNE
Polac Pineapple Slices Tin 565 Gm,565 Gm,560,,In stock,Cooking ingredients,QNE
Shangrila Lemon Juice 300ml,300 ml,185,175,In stock,Cooking ingredients,QNE
Shangrila Synthetic Vinegar 120ml,120 ml,59,49,In stock,Cooking ingredients,QNE
SAC Mango Essence Bottle,,62,52,In stock,Cooking ingredients,QNE
SAC R.Afza Essence Bottle,,62,52,In stock,Cooking ingredients,QNE
Mitchells Chick Peas 440 gm,440 gm,149,,In stock,Cooking ingredients,QNE
Bake Parlor Vinegar White 300 ml,300 ml,90,80,In stock,Cooking ingredients,QNE
Shan Garlic Paste 310 gm,310 gm,450,360,In stock,Cooking ingredients,QNE
Shangrila Worcestershire Sauce 800 ml,800 ml,260,,In stock,Cooking ingredients,QNE
300ML CHILLI SAUCE BAKE PARLOR,300 ML,135,115,In stock,Cooking ingredients,QNE
Buy 5 Knorr Chicken Cube 18gm & Get 1 Free,5 Knorr,360,300,In stock,Cooking ingredients,QNE
18GM CHICKEN ZAIQA POWDER DASHI,18 GM,18,,In stock,Cooking ingredients,QNE
Shangrila Trio Pack 300ml,300 ml,243,215,In stock,Cooking ingredients,QNE
National Corn Flour 300gm,300 gm,92,82,In stock,Cooking ingredients,QNE
Shangrila Synthetic Vinegar  800 ml,800 ml,172,,In stock,Cooking ingredients,QNE
National Quorma Recipe Mix 43gm,43 gm,100,80,In stock,Cooking ingredients,QNE
National Karahi Gosht 47g,47 g,100,80,In stock,Cooking ingredients,QNE
Shangrila Soy Sauce 800 ml,800 ml,275,259,In stock,Cooking ingredients,QNE
Ajinomoto Crispy Fry Coating Mix 80g,80 g,67,57,In stock,Cooking ingredients,QNE
Polac Pineapple Broken Slice In Heavy Syrup Imported 565 gm,565 gm,360,350,In stock,Cooking ingredients,QNE
Shan Ginger Garlic Paste 310 Gm Bottle,310 Gm,299,,Out of stock,Cooking ingredients,QNE
SAC Orange Color Bottle,,62,52,Out of stock,Cooking ingredients,QNE
Crispy Golden Bread Crumb - OffWhite 500 gm,500 gm,140,135,Out of stock,Cooking ingredients,QNE
Shangrila Worcestershire Sauce 300 ml,300 ml,109,99,Out of stock,Cooking ingredients,QNE
Buy 1 Masako Chicken Flavour Seasoning 10g & Get 1 Free,1 Masako,15,,Out of stock,Cooking ingredients,QNE
SAC Red Color Bottle,,45,40,Out of stock,Cooking ingredients,QNE
Rossmoor Instant Yeast 33 gm,33 gm,106,96,Out of stock,Cooking ingredients,QNE
SAC Green Color Bottle,,49,39,Out of stock,Cooking ingredients,QNE
Shangrila Apple Cider Vinegar 500ml,500 ml,195,158,Out of stock,Cooking ingredients,QNE
SAC Korma Essence Bottle,,55,52,Out of stock,Cooking ingredients,QNE
SAC Chocolate Essence Bottle,,45,38,Out of stock,Cooking ingredients,QNE
ROSSMOOR BAKING POWDER 50GM,50 GM,58,48,Out of stock,Cooking ingredients,QNE
ROSSMOOR COCOA POWDER 50GM,50 GM,100,87,Out of stock,Cooking ingredients,QNE
Shangrila Soy Sauce 300ml,300 ml,145,133,Out of stock,Cooking ingredients,QNE
ROSSMOOR SUPER FINE MUSTARD PASTE 165GM,165 GM,210,,Out of stock,Cooking ingredients,QNE
SAC Strawberry Essence Bottle,,55,52,Out of stock,Cooking ingredients,QNE
Rossmoor Cocoa Powder 200gm,200 gm,329,319,Out of stock,Cooking ingredients,QNE
Rossmoor Cocoa Powder  100 gm,100 gm,170,165,Out of stock,Cooking ingredients,QNE
Shangrila Natural Vinegar 500ml,500 ml,160,150,Out of stock,Cooking ingredients,QNE
750ML CHILLI SAUCE BAKE PARLOR,750 ML,275,235,Out of stock,Cooking ingredients,QNE
SAC Banana Essence Bottle,,55,52,Out of stock,Cooking ingredients,QNE
Dipitt Habanero Ketchup 310ml,310 ml,135,125,Out of stock,Cooking ingredients,QNE
Rossmoor Gelatine 50 gm,50 gm,100,87,Out of stock,Cooking ingredients,QNE
Mitchells Chick Peas 800Gm,800 Gm,199,,Out of stock,Cooking ingredients,QNE
Safa Tomato Paste  800 gm,800 gm,345,,Out of stock,Cooking ingredients,QNE
Rossmoor Mustard Powder  100 gm,100 gm,100,90,Out of stock,Cooking ingredients,QNE
Shangrila Chilli Sauce Pet Bottle 800ml,800 ml,264,254,Out of stock,Cooking ingredients,QNE
Shangrila Dark Soy Sauce 500ml,500 ml,500,490,Out of stock,Cooking ingredients,QNE
Dipitt Sweet Thai Chilli Sauce 300ml,300 ml,260,250,Out of stock,Cooking ingredients,QNE
Mitchells Sweet Corn 450 gm,450 gm,135,,Out of stock,Cooking ingredients,QNE
Shan Ginger Paste Bottle 310 Gm,310 Gm,350,,Out of stock,Cooking ingredients,QNE
Delmonte Tidbits Pineapple Tin 432gm,432 gm,280,260,Out of stock,Cooking ingredients,QNE
Del Monte Pineapple Tidbits 560 gm,560 gm,194,,Out of stock,Cooking ingredients,QNE
Bake Parlor Vinegar White 750 ml,750 ml,165,145,Out of stock,Cooking ingredients,QNE
Salmans Strawberry Topping  623gm,623 gm,500,490,Out of stock,Cooking ingredients,QNE
Freshmate Chicken haleem 275gm,275 gm,310,,Out of stock,Cooking ingredients,QNE
Freshmate Lahori Choley 275gm,275 gm,294,284,Out of stock,Cooking ingredients,QNE
Freshmate Aaloo Bhujia 275gm,275 gm,268,258,Out of stock,Cooking ingredients,QNE
Freshmate Chicken Biryani Boneless 275gm,275 gm,320,310,Out of stock,Cooking ingredients,QNE
Freshmate Chicken Hari Mirch Qeema 250gm,250 gm,423,413,Out of stock,Cooking ingredients,QNE
Hosen Baby Corn Young Corn Spear Tin 425gm,425 gm,215,,Out of stock,Cooking ingredients,QNE
Green Chilli Sauce Mitchells 280Gm,280 Gm,160,,Out of stock,Cooking ingredients,QNE
Hosen Green Peas Food Tin 397gm,397 gm,129,,Out of stock,Cooking ingredients,QNE
Happy Home Baking Soda 100G,100 G,37,36,Out of stock,Cooking ingredients,QNE
Dipitt Buffalo Hot Sauce Classic 300Gm,300 Gm,260,,Out of stock,Cooking ingredients,QNE
Figaro Stuffed Green Olives  270 Gm,270 Gm,475,,Out of stock,Cooking ingredients,QNE
American Garden Sliced Jalapeno Peppers 454 gm,454 gm,565,,Out of stock,Cooking ingredients,QNE
Golden Sun Canola Oil Pouch 1 Litre,1 Litre,635,,In stock,Cooking oil & banaspati ghee,QNE
Habib Cooking Oil Single Pouch  1 Litre,1 Litre,655,623,In stock,Cooking oil & banaspati ghee,QNE
Mezan Canola Oil Pouch 1 Liter Pouch,1 Liter,599,564,In stock,Cooking oil & banaspati ghee,QNE
Tullo Banaspati Ghee Poly Pack 1kg,1 kg,619,584,In stock,Cooking oil & banaspati ghee,QNE
Mezan Banaspati  1 kg Pouch,1 kg,660,627,In stock,Cooking oil & banaspati ghee,QNE
Habib Banaspati Single Pouch  1 Litre,1 Litre,605,576,In stock,Cooking oil & banaspati ghee,QNE
Golden Sun Cooking Oil Single Pouch 1 Litre,1 Litre,740,638,In stock,Cooking oil & banaspati ghee,QNE
Dalda VTF Banaspati Ghee Single Pouch 1 Litre,1 Litre,639,604,In stock,Cooking oil & banaspati ghee,QNE
Mezan Cooking Oil 1Ltr (Pouch),1 Ltr,599,564,In stock,Cooking oil & banaspati ghee,QNE
Tullo Cooking Oil Pouch Tullo 1 litre,1 litre,679,634,In stock,Cooking oil & banaspati ghee,QNE
Soya Supreme Cooking Oil 1 Litre,1 Litre,659,630,In stock,Cooking oil & banaspati ghee,QNE
Rafhan Corn Oil Bottle 3 Ltr,3 Ltr,"3,250","2,925",In stock,Cooking oil & banaspati ghee,QNE
Andaaz Canola Oil Pouch 1Ltr,1 Ltr,645,590,In stock,Cooking oil & banaspati ghee,QNE
Andaaz Cooking Oil Pouch 1Ltr,1 Ltr,645,603,In stock,Cooking oil & banaspati ghee,QNE
Manpasand Banaspati Ghee 1ltr Pouch,1 ltr,518,517,In stock,Cooking oil & banaspati ghee,QNE
Manpasand Cooking Oil Pouch 900ml Pouch,900 ml,606,566,In stock,Cooking oil & banaspati ghee,QNE
Mezan Canola Oil Pouch 1 Litre X 5 Pouches,1 Litre,"2,600",,In stock,Cooking oil & banaspati ghee,QNE
Coroli Corn Oil 1.8 Litre,1.8 Litre,"1,355",,In stock,Cooking oil & banaspati ghee,QNE
Soya Supreme Cooking Oil Jerry Can 16ltr,16 ltr,"5,240","5,030",In stock,Cooking oil & banaspati ghee,QNE
Kisan Canola Cooking Oil Poly Bag 1Ltr,1 Ltr,500,480,In stock,Cooking oil & banaspati ghee,QNE
Mezan Cooking Oil Pouch 1x5 ltr Pouch,1 x,"2,700","2,350",In stock,Cooking oil & banaspati ghee,QNE
Habib Banaspati Pouch 1 Litre X 5 Pouches,1 Litre,"1,880",,In stock,Cooking oil & banaspati ghee,QNE
Kisan Sunflower Cooking Oil Poly Pack 1ltr,1 ltr,433,,In stock,Cooking oil & banaspati ghee,QNE
Dalda Cooking Oil Single Pouch 1 Litre,1 Litre,575,565,In stock,Cooking oil & banaspati ghee,QNE
Sharjah Cooking Oli 1ltr Pouch,1 ltr,490,480,Out of stock,Cooking oil & banaspati ghee,QNE
DALDA COOKING OIL 10LTR J/CAN,10 LTR,"4,225",,Out of stock,Cooking oil & banaspati ghee,QNE
Habib Cooking Oil Pouch 1 Litre X 5 Pouches,1 Litre,"2,735","2,725",Out of stock,Cooking oil & banaspati ghee,QNE
DALDA COOKING OIL TIN 5LTR,5 LTR,"2,130","2,040",Out of stock,Cooking oil & banaspati ghee,QNE
Eva Canola Oil Single Pouch 1 Litre,1 Litre,360,355,Out of stock,Cooking oil & banaspati ghee,QNE
Sharjah Banaspati Ghee 1ltr Pouch,1 ltr,385,,Out of stock,Cooking oil & banaspati ghee,QNE
Seasons Canola oil 1 Ltr Bottle,1 Ltr,562,552,Out of stock,Cooking oil & banaspati ghee,QNE
COROLI CORN OIL 4LTR BTL,4 LTR,"2,544",,Out of stock,Cooking oil & banaspati ghee,QNE
Golden Sun Banaspati 1kg PB,1 kg,710,612,Out of stock,Cooking oil & banaspati ghee,QNE
Mezan Canola Oil 3 ltr,3 ltr,949,,Out of stock,Cooking oil & banaspati ghee,QNE
Rafhan Corn Oil - Cholesterol Free 5 Litre,5 Litre,"5,175","4,658",Out of stock,Cooking oil & banaspati ghee,QNE
Soya Supreme Cooking Oil 5 Litre,5 Litre,"1,895","1,785",Out of stock,Cooking oil & banaspati ghee,QNE
Dalda Canola Oil Single Pouch 1 Litre,1 Litre,408,394,Out of stock,Cooking oil & banaspati ghee,QNE
Kisan Super Cooking Oil Bottle 3ltr,3 ltr,"1,275","1,220",Out of stock,Cooking oil & banaspati ghee,QNE
Rafhan Corn Oil - Cholesterol Free 3 litre,3 litre,"2,795",,Out of stock,Cooking oil & banaspati ghee,QNE
Dalda VTF Banaspati Tin 5kg,5 kg,"2,910","2,900",Out of stock,Cooking oil & banaspati ghee,QNE
Soya Supreme Cooking Oil Poly Bag 1 Litre x 5 Pieces,1 Litre,"2,790","2,690",Out of stock,Cooking oil & banaspati ghee,QNE
Eva Canola Oil (5litre) Pet Bottle,5 litre,"2,700",,Out of stock,Cooking oil & banaspati ghee,QNE
Eva Banaspati Ghee Single Pouch 1 Litre,1 Litre,296,,Out of stock,Cooking oil & banaspati ghee,QNE
Dalda Cooking Oil 4.5 Litre,4.5 Litre,"1,910","1,899",Out of stock,Cooking oil & banaspati ghee,QNE
Golden Sun Cooking Oil Bottle  3 litre,3 litre,"1,580","1,550",Out of stock,Cooking oil & banaspati ghee,QNE
Olivola Cooking Oil 3Ltr,3 Ltr,"1,450","1,291",Out of stock,Cooking oil & banaspati ghee,QNE
Habib Cooking Oil 5Ltr Tin,5 Ltr,"1,700",,Out of stock,Cooking oil & banaspati ghee,QNE
Golden Sun Cooking Oil Bottle  5 litre,5 litre,"2,122","1,871",Out of stock,Cooking oil & banaspati ghee,QNE
Mundial Pomace Olive Oil Tin 175ml,175 ml,300,279,Out of stock,Cooking oil & banaspati ghee,QNE
Rafhan Corn Oil - Cholesterol Free 10 Litre,10 Litre,"6,500","5,858",Out of stock,Cooking oil & banaspati ghee,QNE
Dalda Cooking Oil 3 Litre,3 Litre,"1,275","1,265",Out of stock,Cooking oil & banaspati ghee,QNE
Sufi Sunflower Cooking Oil 3Ltr,3 Ltr,"1,280","1,239",Out of stock,Cooking oil & banaspati ghee,QNE
Shafaq Cooking Oil 10ltr Can,10 ltr,"3,995","3,650",Out of stock,Cooking oil & banaspati ghee,QNE
Soya Supreme Banaspati Ghee 1 Kg x 5 Pieces,1 Kg,"1,805","1,702",Out of stock,Cooking oil & banaspati ghee,QNE
Habib Super 100 % Soyabean Oil Bottle 4.5ltr,4.5 ltr,"2,540","2,530",Out of stock,Cooking oil & banaspati ghee,QNE
Shafaq Cooking Oil 3 liter bottle,3 liter,"1,251","1,130",Out of stock,Cooking oil & banaspati ghee,QNE
CBC Pure White Coconut Oil Tin 400 gm,400 gm,435,,Out of stock,Cooking oil & banaspati ghee,QNE
SEASONS CORN OIL 3LTR BOTTLE,3 LTR,"1,330","1,312",Out of stock,Cooking oil & banaspati ghee,QNE
Olivola Cooking Oil Bottle 5Ltr,5 Ltr,"2,250",,Out of stock,Cooking oil & banaspati ghee,QNE
Golden Sun Canola Oil Bottle  3 litre,3 litre,"1,275","1,215",Out of stock,Cooking oil & banaspati ghee,QNE
Shafaq cooking oil 2.5 litre Tin,2.5 litre,930,860,Out of stock,Cooking oil & banaspati ghee,QNE
Kisan Super Cooking Oil Bottle 5ltr,5 ltr,"2,120","1,918",Out of stock,Cooking oil & banaspati ghee,QNE
Dalda Cooking Oil 2.5ltr Tin,2.5 ltr,"1,140","1,033",Out of stock,Cooking oil & banaspati ghee,QNE
Dalda Canola Oil 4.5 Litres,4.5 Litres,"1,910","1,894",Out of stock,Cooking oil & banaspati ghee,QNE
Soya Supreme Cooking Oil 3 litre Bottle,3 litre,"1,740","1,700",Out of stock,Cooking oil & banaspati ghee,QNE
Tullo Banaspati 2.5kg Tin,2.5 kg,945,,Out of stock,Cooking oil & banaspati ghee,QNE
Habib VTF Bananspati Tin 5Kg,5 Kg,"2,010","1,882",Out of stock,Cooking oil & banaspati ghee,QNE
Dalda Fortified Canola Oil Can 10ltr,10 ltr,"3,454",,Out of stock,Cooking oil & banaspati ghee,QNE
Eva Canola Oil (3 litre) Pet Bottle,3 litre,973,,Out of stock,Cooking oil & banaspati ghee,QNE
Habib Super Oil  3 Litres,3 Litres,"1,275","1,190",Out of stock,Cooking oil & banaspati ghee,QNE
Harpal Cooking Oil Pouch 1 Litre X 5 Pouches,1 Litre,"2,165","1,740",Out of stock,Cooking oil & banaspati ghee,QNE
Tullo Banaspati Ghee Tin 5 KG,5 KG,"1,855",,Out of stock,Cooking oil & banaspati ghee,QNE
Golden Sun Canola Oli 10Ltr Can,10 Ltr,"5,100","5,085",Out of stock,Cooking oil & banaspati ghee,QNE
Habib VTF Bananspati Tin 2.5Kg,2.5 Kg,"1,020",970,Out of stock,Cooking oil & banaspati ghee,QNE
Shafaq cooking oil 5 litre Tin,5 litre,"1,995","1,890",Out of stock,Cooking oil & banaspati ghee,QNE
Sufi Canola Cooking Oil 4.5Ltr Bottle,4.5 Ltr,"1,890","1,829",Out of stock,Cooking oil & banaspati ghee,QNE
Olivola Canola Oil 1 Litre Pouch,1 Litre,430,405,Out of stock,Cooking oil & banaspati ghee,QNE
Italia Extra Light Olive Oil 200 ml,200 ml,332,,Out of stock,Cooking oil & banaspati ghee,QNE
Dalda Canola Oil 3 Litre,3 Litre,"1,275","1,265",Out of stock,Cooking oil & banaspati ghee,QNE
Soya Supreme Cooking Oil Pouch 1 Litre X 5 Pouches (With Lemon Max Long Bar Free),1 Litre,"1,899",,Out of stock,Cooking oil & banaspati ghee,QNE
Sufi Banaspati Ghee 5kg Tin,5 kg,"1,895",,Out of stock,Cooking oil & banaspati ghee,QNE
Shafaq cooking oil 3 litre Tin,3 litre,859,,Out of stock,Cooking oil & banaspati ghee,QNE
Seasons Canola oil 10 Ltr Can,10 Ltr,"4,125","3,920",Out of stock,Cooking oil & banaspati ghee,QNE
Habib Cooking Oil Tin 2.5Ltr,2.5 Ltr,"1,045",970,Out of stock,Cooking oil & banaspati ghee,QNE
Sufi Canola Cooking Oil Standing Pouch (1X5) liter,1 X,"3,100","3,000",Out of stock,Cooking oil & banaspati ghee,QNE
Italia Olive Oil Extra Light Bottle 1ltr,1 ltr,"1,100","1,009",Out of stock,Cooking oil & banaspati ghee,QNE
Dalda Planta Cooking Oil Bottle 3ltr,3 ltr,985,,Out of stock,Cooking oil & banaspati ghee,QNE
Eva Canola Oil Jerry Can 10 litre Can,10 litre,"3,215",,Out of stock,Cooking oil & banaspati ghee,QNE
MUNDIAL OLIVE POMACE OIL 1LTR,1 LTR,"1,510",,Out of stock,Cooking oil & banaspati ghee,QNE
Golden Sun Canola Oil Bottle  5 litre,5 litre,"2,147","1,893",Out of stock,Cooking oil & banaspati ghee,QNE
Comelle Khalis Desi Ghee  1 Kg,1 Kg,"1,119",,Out of stock,Cooking oil & banaspati ghee,QNE
Golden Sun Canola Oil Pouch 1 Litre X 5 Pouches,1 Litre,"3,725","3,215",Out of stock,Cooking oil & banaspati ghee,QNE
Soya Superme Cooking Oli No Cholesterol 2.5kg Tin,2.5 kg,"1,030",,Out of stock,Cooking oil & banaspati ghee,QNE
Sufi Sunflower Cooking Oil Pouch 1ltr,1 ltr,620,600,Out of stock,Cooking oil & banaspati ghee,QNE
SASSO Pure Olive Tin 200 ml,200 ml,829,819,Out of stock,Cooking oil & banaspati ghee,QNE
Dalda Kalonji Canola 5ltr Tin,5 ltr,"2,180",,Out of stock,Cooking oil & banaspati ghee,QNE
SUFI CANOLA COOKING OIL 3LTR,3 LTR,"1,265","1,225",Out of stock,Cooking oil & banaspati ghee,QNE
Italia Olive Oil Extra Virgin Bottle 1ltr,1 ltr,"1,235",,Out of stock,Cooking oil & banaspati ghee,QNE
Borges Extra Virgin Olive Oil Bottle 1Ltr,1 Ltr,"1,686",,Out of stock,Cooking oil & banaspati ghee,QNE
Soya Supreme No Cholesterol Cooking Oil 5ltr Tin,5 ltr,"2,050",,Out of stock,Cooking oil & banaspati ghee,QNE
Dalda Kalonji Canola Oil 1ltr  Bottle,1 ltr,455,,Out of stock,Cooking oil & banaspati ghee,QNE
Mundial Extra Virgin Oil 500ml Jar,500 ml,"1,100","1,010",Out of stock,Cooking oil & banaspati ghee,QNE
SUFI SUNFLOWER COOKING OIL 10LTR,10 LTR,"4,185","4,052",Out of stock,Cooking oil & banaspati ghee,QNE
Mueloliva Picuda Extra Virgin Olive Oil Bottle 500ml,500 ml,"1,028",,Out of stock,Cooking oil & banaspati ghee,QNE
Soya Supreme Banaspati Tin 2.5kg,2.5 kg,885,800,Out of stock,Cooking oil & banaspati ghee,QNE
Dalda Sunflower Oil 3 ltr Bottle,3 ltr,"1,295","1,279",Out of stock,Cooking oil & banaspati ghee,QNE
Sufi Sunflower Cooking Oil Pouch 1ltr Buy 2 Get 1 Free,1 ltr,"1,200",,Out of stock,Cooking oil & banaspati ghee,QNE
Dalda kalonji Canola 3ltr Bottle,3 ltr,"1,345",,Out of stock,Cooking oil & banaspati ghee,QNE
MUNDIAL EXTRA VIRGIN OLIVE OIL 250ML,250 ML,500,481,Out of stock,Cooking oil & banaspati ghee,QNE
Mundial Oilve Pomace Oil Bottle 500ml,500 ml,800,724,Out of stock,Cooking oil & banaspati ghee,QNE
Mundial Extra Virgin Oil 750ml Bottle,750 ml,"1,700","1,560",Out of stock,Cooking oil & banaspati ghee,QNE
Mueloliva Extra Light Olive Oil Bottle 1ltr,1 ltr,"1,535",,Out of stock,Cooking oil & banaspati ghee,QNE
Pacific Cooking Oil Bottle 3ltr,3 ltr,760,,Out of stock,Cooking oil & banaspati ghee,QNE
Pacific Cooking Oil 1x5 Ltr Pouch,1 x,"1,160",,Out of stock,Cooking oil & banaspati ghee,QNE
SUFI CANOLA COOKING OIL 10LTR,10 LTR,"4,160","4,052",Out of stock,Cooking oil & banaspati ghee,QNE
Dalda OliVe Oil Extra Virgin 3 Litre With Free Olive Oil 500 ML,3 Litre,"3,749",,Out of stock,Cooking oil & banaspati ghee,QNE
COROLI PURE CORN OIL 4 Litr bottle,4 Litr,"2,544",,Out of stock,Cooking oil & banaspati ghee,QNE
Mueloliva Pomace Olive Oil Bottle 500ml,500 ml,579,,Out of stock,Cooking oil & banaspati ghee,QNE
Mueloliva Picuda Extra Virgin Olive Oil Bottle 250ml,250 ml,499,,Out of stock,Cooking oil & banaspati ghee,QNE
Borges Pure Olive Oil Tin 100ml,100 ml,240,,Out of stock,Cooking oil & banaspati ghee,QNE
Borges Pomace Olive Oil Tin 4Ltr,4 Ltr,"3,234",,Out of stock,Cooking oil & banaspati ghee,QNE
Borges Extra Virgin Olive Oil Tin 4Ltr,4 Ltr,"5,396",,Out of stock,Cooking oil & banaspati ghee,QNE
MUNDIAL EXTRA VIRGIN OIL 1LTR BOTTLE,1 LTR,"1,500","1,462",Out of stock,Cooking oil & banaspati ghee,QNE
Tullo Cooking Oil Tin 5Ltr,5 Ltr,"1,950","1,935",Out of stock,Cooking oil & banaspati ghee,QNE
Planta Fortified Cooking Oil 1Ltr Pouch,1 Ltr,405,,Out of stock,Cooking oil & banaspati ghee,QNE
Borges Extra Light Olive Oil 1Ltr Promo Pack,1 Ltr,"1,645",,Out of stock,Cooking oil & banaspati ghee,QNE
Dalda Sunflower Oil 4.5 Litre,4.5 Litre,"2,028",,Out of stock,Cooking oil & banaspati ghee,QNE
Tullo Cooking Oil  1 Litre X 5 Pouches,1 Litre,"1,925","1,880",Out of stock,Cooking oil & banaspati ghee,QNE
Mundial Oilve Pomace Oil Bottle 250ml,250 ml,328,,Out of stock,Cooking oil & banaspati ghee,QNE
Mundial Olive Oil Extra Virgin  3Ltr,3 Ltr,"3,635",,Out of stock,Cooking oil & banaspati ghee,QNE
Shan Bombay Biryani Masala 50 gm,50 gm,110,88,In stock,Spices & recipe mix,QNE
Shan Achar Gosht Masala 50 gm,50 gm,110,88,In stock,Spices & recipe mix,QNE
Shan Fried Fish Masala 50gm Pack,50 gm,100,80,In stock,Spices & recipe mix,QNE
Shan Korma Masala  50 gm,50 gm,110,88,In stock,Spices & recipe mix,QNE
Shan KARAHI MASALA 45GM,45 GM,110,88,In stock,Spices & recipe mix,QNE
Bachat Pack Shan Bombay BIryani Masala 60 GM,60 GM,100,80,In stock,Spices & recipe mix,QNE
Shan NIHARI MASALA 60GM,60 GM,110,88,In stock,Spices & recipe mix,QNE
Shan Karahi/Fry Ghost Masala 100 gm,100 gm,190,152,In stock,Spices & recipe mix,QNE
Shan Khusbudar Lehsan Powder 50gm,50 gm,80,65,In stock,Spices & recipe mix,QNE
Shan Korma Masala  100 gm,100 gm,190,152,In stock,Spices & recipe mix,QNE
Shan Nihari Masala   120 gm,120 gm,190,152,In stock,Spices & recipe mix,QNE
Shan Taaza Dhania 50gm,50 gm,55,44,In stock,Spices & recipe mix,QNE
National Chat Masala 50gm,50 gm,60,54,In stock,Spices & recipe mix,QNE
Shan Chicken Masala  50 gm,50 gm,110,88,In stock,Spices & recipe mix,QNE
Shan Paya Masala  50 gm,50 gm,100,80,In stock,Spices & recipe mix,QNE
Shan Shami Kabab Masala 50 gm,50 gm,100,80,In stock,Spices & recipe mix,QNE
Shan Masala Dahi Bara Mix 150 gm,150 gm,100,80,In stock,Spices & recipe mix,QNE
Shan Teekhi Kali Mirch Powder 50gm,50 gm,110,105,In stock,Spices & recipe mix,QNE
Shan Pakora Mix 150 Gm,150 Gm,100,80,In stock,Spices & recipe mix,QNE
Shan Haleem Mix - Easy Cook Masala 300 gm,300 gm,210,168,In stock,Spices & recipe mix,QNE
Shan Haleem Masala  50 gm,50 gm,110,88,In stock,Spices & recipe mix,QNE
Shan Chicken - White Karahi Masala 40 gm,40 gm,100,80,In stock,Spices & recipe mix,QNE
Shan Murgh Cholay Masala 50 gm,50 gm,100,80,In stock,Spices & recipe mix,QNE
Shan Vegetable Recipe Masala 100 Gm,100 Gm,100,80,In stock,Spices & recipe mix,QNE
Shan Kofta Masala  50 gm,50 gm,110,88,In stock,Spices & recipe mix,QNE
National Murghi Masala Mix D/P 86gm,86 gm,190,152,In stock,Spices & recipe mix,QNE
Shan Pilau Biryani Masala 80 gm,80 gm,190,152,In stock,Spices & recipe mix,QNE
Shan Keema Masala  50 gm,50 gm,110,88,In stock,Spices & recipe mix,QNE
Shan CHICKEN TIKKA MASALA 50GM,50 GM,100,80,In stock,Spices & recipe mix,QNE
Masako Chicken Flavour Seasoning 10g,10 g,19,,In stock,Spices & recipe mix,QNE
National Chicken Tikka Masala 40gm,40 gm,90,73,In stock,Spices & recipe mix,QNE
Shan Sindhi Biryani Masala 55 Gm,55 Gm,100,80,In stock,Spices & recipe mix,QNE
Shan Pilau Biryani Masala 50 gm,50 gm,100,80,In stock,Spices & recipe mix,QNE
Shan Chicken Tikka Masala 100 gm,100 gm,190,152,In stock,Spices & recipe mix,QNE
Shan Chicken Broast Masala 125 gm,125 gm,110,88,In stock,Spices & recipe mix,QNE
NATIONAL BOMBAY BIRYANI MASALA 110GM,110 GM,190,152,In stock,Spices & recipe mix,QNE
Shan Ginger Mango Chutney 400gm,400 gm,180,125,In stock,Spices & recipe mix,QNE
Shan Sindhi Biryani Masala 120 gm,120 gm,190,152,In stock,Spices & recipe mix,QNE
National Achar Goasht 43gm,43 gm,100,80,In stock,Spices & recipe mix,QNE
Shan White Korma Masala  40 gm,40 gm,100,80,In stock,Spices & recipe mix,QNE
Shan Butter Chicken 50 GM,50 GM,90,75,In stock,Spices & recipe mix,QNE
SHAN BIRYANI COOKING SAUCE 350GM,350 GM,300,239,In stock,Spices & recipe mix,QNE
Shan Tandoori Masala  100 gm,100 gm,190,152,In stock,Spices & recipe mix,QNE
National Kofta Masala 43g,43 g,90,74,In stock,Spices & recipe mix,QNE
National Quorma Masala 86 gm,86 gm,190,152,In stock,Spices & recipe mix,QNE
National Karahi Gosht 94g,94 g,190,152,In stock,Spices & recipe mix,QNE
National Mixed Fruit Jam 440g,440 g,253,,In stock,Spices & recipe mix,QNE
Rossmoor White Pepper  25 gm,25 gm,146,136,In stock,Spices & recipe mix,QNE
National Bombay Biryani Masala 70 gm,70 gm,100,80,In stock,Spices & recipe mix,QNE
National Achar Gosht 86g,86 g,190,152,In stock,Spices & recipe mix,QNE
Shan Bombay Biryani Masala 30 gm,30 gm,30,25,In stock,Spices & recipe mix,QNE
Shan Karahi Masala 50 gm,50 gm,80,63,In stock,Spices & recipe mix,QNE
Shan Tez Lal Mirch powder 50gm,50 gm,110,77,In stock,Spices & recipe mix,QNE
SHAN KORMA MASALA 25G,25 G,30,25,In stock,Spices & recipe mix,QNE
Shan Bombay Biryani Masala 120 gm,120 gm,190,152,In stock,Spices & recipe mix,QNE
Shan Chicken Tikka 25gm,25 gm,30,25,In stock,Spices & recipe mix,QNE
Shan Karahi Masala 23g,23 g,30,25,In stock,Spices & recipe mix,QNE
Shan Chicken Tikka Masala 45 gm,45 gm,90,65,In stock,Spices & recipe mix,QNE
Shan KORMA MASALA 50GM,50 GM,90,67,In stock,Spices & recipe mix,QNE
Shan Khalis Haldee Powder 50gm,50 gm,30,,In stock,Spices & recipe mix,QNE
Shan Tez Lal Mirch Powder 100gm,100 gm,130,104,In stock,Spices & recipe mix,QNE
Zeera White (Opm) 100 gm,100 gm,150,,In stock,Spices & recipe mix,QNE
Shan Teekhi Kali Mirch Powder 25gm,25 gm,60,45,In stock,Spices & recipe mix,QNE
Shan NIHARI MASALA 30GM Bachat Pack,30 GM,30,25,In stock,Spices & recipe mix,QNE
Shan Chaat Masala 45gm,45 gm,55,44,In stock,Spices & recipe mix,QNE
BACHAT PACK SHAN ACHAR GOSHT MASALA 25G,25 G,30,25,In stock,Spices & recipe mix,QNE
Shan Tez Lal Mirch Powder 200 gm,200 gm,380,266,In stock,Spices & recipe mix,QNE
Shan Achar Ghosht 25GM,25 GM,30,27,In stock,Spices & recipe mix,QNE
Shan Nihari Masala   60 gm,60 gm,80,64,In stock,Spices & recipe mix,QNE
Shan Zafarani Garam Masala  50 Gm,50 Gm,165,132,In stock,Spices & recipe mix,QNE
Shan Zaiqaydar Adrak Powder 50g,50 g,110,88,In stock,Spices & recipe mix,QNE
Shan Tikka Masala 45 gm,45 gm,90,70,In stock,Spices & recipe mix,QNE
NATIONAL BOMBAY BIRYANI MASALA 55 GM,55 GM,100,80,Out of stock,Spices & recipe mix,QNE
Shan Tandoori Masala 25GM,25 GM,30,25,Out of stock,Spices & recipe mix,QNE
NATIONAL KORMA MASALA 50GM,50 GM,90,76,Out of stock,Spices & recipe mix,QNE
Shan Fruit Chaat Masala  50gm,50 gm,55,40,Out of stock,Spices & recipe mix,QNE
National Chilli Garlic Sauce 500g,500 g,150,130,Out of stock,Spices & recipe mix,QNE
Shan Zafrani Garam Masala Powder 25gm,25 gm,80,73,Out of stock,Spices & recipe mix,QNE
BACHAT PACK SHAN KORMA MASALA 50 GM,50 GM,90,64,Out of stock,Spices & recipe mix,QNE
National Coriander Powder 100 gm,100 gm,95,75,Out of stock,Spices & recipe mix,QNE
Shan Paya Masala 25gm,25 gm,30,25,Out of stock,Spices & recipe mix,QNE
Shan Pilau Biryani Masala 40 gm,40 gm,90,65,Out of stock,Spices & recipe mix,QNE
National Quorma Recipe Mix 43gm,43 gm,100,80,Out of stock,Spices & recipe mix,QNE
National Karahi Gosht 47g,47 g,100,80,Out of stock,Spices & recipe mix,QNE
National Black Pepper Powder 50 gm,50 gm,120,103,Out of stock,Spices & recipe mix,QNE
Shan Tandoori Masala  45 gm,45 gm,110,88,Out of stock,Spices & recipe mix,QNE
National Cumin Seeds 50 gm,50 gm,74,64,Out of stock,Spices & recipe mix,QNE
Shan Daal Masala  100 gm,100 gm,90,75,Out of stock,Spices & recipe mix,QNE
National Turmeric Powder 50 gm,50 gm,50,40,Out of stock,Spices & recipe mix,QNE
NATIONAL BIRYANI MASALA 39GM,39 GM,90,72,Out of stock,Spices & recipe mix,QNE
Shan Taaza Dhania 100gm,100 gm,90,83,Out of stock,Spices & recipe mix,QNE
Shan Biryani Masala 50 Gm,50 Gm,80,63,Out of stock,Spices & recipe mix,QNE
Shan Khalis Haldee Powder 100 Gm,100 Gm,100,80,Out of stock,Spices & recipe mix,QNE
Shan Bihari Kabab Masala 50 gm,50 gm,90,70,Out of stock,Spices & recipe mix,QNE
Shan Fried Chop Masala 50gm,50 gm,80,75,Out of stock,Spices & recipe mix,QNE
Shan Taaza Dhania 200 gm,200 gm,180,130,Out of stock,Spices & recipe mix,QNE
Shan Seekh Kabab Masala 50gm,50 gm,80,63,Out of stock,Spices & recipe mix,QNE
BACHAT PACK SHAN BOMBAY BIRYANI MASALA 120 GM DOUBLE PACK,120 GM,190,152,Out of stock,Spices & recipe mix,QNE
Rossmoor Oregano Leaves  10 gm,10 gm,108,98,Out of stock,Spices & recipe mix,QNE
National Salan Masala 100gm,100 gm,50,47,Out of stock,Spices & recipe mix,QNE
National Mazedaar Daal Recipe Mix 46gm,46 gm,54,44,Out of stock,Spices & recipe mix,QNE
National Garam Masala Powder 50 gm,50 gm,139,129,Out of stock,Spices & recipe mix,QNE
National Garlic Powder 50g,50 g,65,,Out of stock,Spices & recipe mix,QNE
Shan Tez Lal Mirch Powder 200gm & Get Korma Sachet 10gm Free,200 gm,380,300,Out of stock,Spices & recipe mix,QNE
BACHAT PACK SHAN ACHAR GOSHT MASALA 50 GM,50 GM,80,63,Out of stock,Spices & recipe mix,QNE
Rossmoor Paprika Powder 25 gm,25 gm,88,78,Out of stock,Spices & recipe mix,QNE
Shan Mango Chutney 400 gm,400 gm,180,144,Out of stock,Spices & recipe mix,QNE
National Karahi Gosht Masala 50 gm,50 gm,80,67,Out of stock,Spices & recipe mix,QNE
Shan Punjabi Yakhni Pilau  Masala 50 Gm,50 Gm,110,88,Out of stock,Spices & recipe mix,QNE
Shan Shami Kabab Masala 100 gm,100 gm,150,120,Out of stock,Spices & recipe mix,QNE
Mehran Turmeric Powder 100g,100 g,60,55,Out of stock,Spices & recipe mix,QNE
National Ginger Powder 50gm,50 gm,79,69,Out of stock,Spices & recipe mix,QNE
National Zaiqaydaar Sabzi Gosht Recipe Mix 21gm,21 gm,45,44,Out of stock,Spices & recipe mix,QNE
BACHAT PACK SHAN CHICKEN TIKKA MASALA 50 GM,50 GM,80,63,Out of stock,Spices & recipe mix,QNE
National Jelly Crystal Banana 80g,80 g,55,53,Out of stock,Spices & recipe mix,QNE
National  Sindhi Biryani Recipe Mix 50gm,50 gm,74,65,Out of stock,Spices & recipe mix,QNE
Shan Liver Masala 50 gm,50 gm,80,60,Out of stock,Spices & recipe mix,QNE
National Bihari Kabab Recipe Mix 50gm,50 gm,75,70,Out of stock,Spices & recipe mix,QNE
Shan Achar Gosht Masala GP 200 gm,200 gm,265,198,Out of stock,Spices & recipe mix,QNE
SHAN NIHARI COOKING SAUCE 350GM,350 GM,300,210,Out of stock,Spices & recipe mix,QNE
Shan Achar Gosht Concentrated Cooking Sauce 350gm,350 gm,300,239,Out of stock,Spices & recipe mix,QNE
SSM Red Chilli Crushed 200gm,200 gm,230,,Out of stock,Spices & recipe mix,QNE
Shan Nihari Masala GP 240 Gm,240 Gm,265,199,Out of stock,Spices & recipe mix,QNE
Bachat Pack Shan Chat Masala 100 GM,100 GM,100,70,Out of stock,Spices & recipe mix,QNE
Shan Tez Lal Mirch Powder 400g,400 g,399,389,Out of stock,Spices & recipe mix,QNE
Shan Chaat Masala 85gm,85 gm,100,69,Out of stock,Spices & recipe mix,QNE
National Tikka Boti Recipe Mix 44gm,44 gm,90,73,Out of stock,Spices & recipe mix,QNE
National Chicken Jalfrezi Recipe Mix 50gm,50 gm,75,70,Out of stock,Spices & recipe mix,QNE
Shan Karahi Masala GP 180 Gm,180 Gm,250,230,Out of stock,Spices & recipe mix,QNE
Shan Kat-a-Kat Masala 50 gm,50 gm,65,,Out of stock,Spices & recipe mix,QNE
NATIONAL DELHI NIHARI MASALA 50GM,50 GM,70,60,Out of stock,Spices & recipe mix,QNE
National Chilli Powder 200g,200 g,209,199,Out of stock,Spices & recipe mix,QNE
Buy 1 Shan Achar Gosht Concentrated Cooking Sauce 350gm & Get 1 Free,1 Shan,310,210,Out of stock,Spices & recipe mix,QNE
Shan Chapli Kabab Recipe Masala 100 Gm,100 Gm,90,64,Out of stock,Spices & recipe mix,QNE
National Seekh Kabab Recipe Mix 50gm,50 gm,80,70,Out of stock,Spices & recipe mix,QNE
Shan Korma Concentrated Cooking Sauce 350gm,350 gm,300,239,Out of stock,Spices & recipe mix,QNE
National Haleem Masala 50 gm,50 gm,75,70,Out of stock,Spices & recipe mix,QNE
Rossmoor Parsley Dried 8 gm,8 gm,90,86,Out of stock,Spices & recipe mix,QNE
National Cumin Powder 50 gm,50 gm,75,63,Out of stock,Spices & recipe mix,QNE
Shan NIHARI MASALA 25gm Bachat Pack,25 gm,30,25,Out of stock,Spices & recipe mix,QNE
National Custard Strawberry 120g,120 g,60,53,Out of stock,Spices & recipe mix,QNE
National Custard Banana 120g,120 g,55,53,Out of stock,Spices & recipe mix,QNE
Rossmoor Thymes Leaves 10 gm,10 gm,100,90,Out of stock,Spices & recipe mix,QNE
Shan Butter Chicken 45 Gm,45 Gm,90,67,Out of stock,Spices & recipe mix,QNE
Shan Tikka Boti Masala 50 gm,50 gm,65,,Out of stock,Spices & recipe mix,QNE
National Biryani Masala 25 gm,25 gm,30,,Out of stock,Spices & recipe mix,QNE
National Achar Gosht Masala 43 gm,43 gm,90,72,Out of stock,Spices & recipe mix,QNE
Rossmoor Basil Leaves  10 gm,10 gm,100,90,Out of stock,Spices & recipe mix,QNE
National Broast Masala 100Gm,100 Gm,80,70,Out of stock,Spices & recipe mix,QNE
Shan Karahi Masala Sachet 25gm Pack,25 gm,24,,Out of stock,Spices & recipe mix,QNE
National Custard Banana 300g,300 g,92,89,Out of stock,Spices & recipe mix,QNE
Bake Parlor Chat Masala Powder 50gm,50 gm,50,40,Out of stock,Spices & recipe mix,QNE
National Qeema Recipe Mix 50gm,50 gm,80,70,Out of stock,Spices & recipe mix,QNE
National Custard Strawberry 300g,300 g,100,89,Out of stock,Spices & recipe mix,QNE
Rossmoor Rosemary Leaves  10 gm,10 gm,95,90,Out of stock,Spices & recipe mix,QNE
National Chili Powder 100GM,100 GM,100,,Out of stock,Spices & recipe mix,QNE
BACHAT PACK SHAN KARAHI/FRY GOSHT MASALA 100 GM DOUBLE PACK,100 GM,150,112,Out of stock,Spices & recipe mix,QNE
National Tomato Ketchup 500g,500 g,125,,Out of stock,Spices & recipe mix,QNE
National Classic Mayo 1000gm,1000 gm,554,497,Out of stock,Spices & recipe mix,QNE
Mehran Red Chilli Powder 400gm,400 gm,339,329,Out of stock,Spices & recipe mix,QNE
Shan Kunna Matka Ghost Masala  50 gm,50 gm,90,70,Out of stock,Spices & recipe mix,QNE
National Fish Masala 80GM,80 GM,190,152,Out of stock,Spices & recipe mix,QNE
National Chapli Kabab Masala Mix 100GM,100 GM,75,,Out of stock,Spices & recipe mix,QNE
National Shami Kabab 50g,50 g,100,80,Out of stock,Spices & recipe mix,QNE
National Chilli Powder 400g,400 g,376,366,Out of stock,Spices & recipe mix,QNE
SSM Red Chilli Powder 100gm,100 gm,80,,Out of stock,Spices & recipe mix,QNE
A&s Black Pepper (Kali Mirch) 100 gm,100 gm,120,,Out of stock,Spices & recipe mix,QNE
A&s Nutmeg (Jaifal) 50 gm,50 gm,150,,Out of stock,Spices & recipe mix,QNE
Italiano Cinnamon Powder 70g,70 g,170,,Out of stock,Spices & recipe mix,QNE
badgeBadyan / Star anise 50g,50 g,150,,Out of stock,Spices & recipe mix,QNE
Jawitri ( Javitri ) 20g,20 g,200,,Out of stock,Spices & recipe mix,QNE
National Meat Tenderizer Powder 40G,40 G,80,,Out of stock,Spices & recipe mix,QNE
Mehran Nihari Masala 100 gm,100 gm,130,120,Out of stock,Spices & recipe mix,QNE
Chat Masala 100gm,100 gm,27,,Out of stock,Spices & recipe mix,QNE
Red Chilli Powder 100gm,100 gm,35,,Out of stock,Spices & recipe mix,QNE
Dhania Powder 100gm,100 gm,35,,Out of stock,Spices & recipe mix,QNE
Red Chilli Poweder 200gm,200 gm,66,,Out of stock,Spices & recipe mix,QNE
Chat Masala 200gm,200 gm,52,,Out of stock,Spices & recipe mix,QNE
Dhania Powder 200gm,200 gm,66,,Out of stock,Spices & recipe mix,QNE
National Fish Masala  50 gm,50 gm,100,80,Out of stock,Spices & recipe mix,QNE
Shan Taaza Dhania Powder 10gm,10 gm,12,,Out of stock,Spices & recipe mix,QNE
Shan Curry Powder Masala 200 Gm,200 Gm,150,120,Out of stock,Spices & recipe mix,QNE
Shan  Beef Biryani Masala 60 gm,60 gm,110,88,Out of stock,Spices & recipe mix,QNE
Free Shan Biryani 25gm with Chat Masala 100gm,25 gm,0,,Out of stock,Spices & recipe mix,QNE
Bachat Pack Shan Nihari Masala 60 GM,60 GM,75,61,Out of stock,Spices & recipe mix,QNE
National Coriander Powder 200g,200 g,175,,Out of stock,Spices & recipe mix,QNE
Kasuri Methi 25g,25 g,40,,Out of stock,Spices & recipe mix,QNE
SSM Saunf 100gm,100 gm,120,,Out of stock,Spices & recipe mix,QNE
SSM Zeera Black 100gm,100 gm,195,,Out of stock,Spices & recipe mix,QNE
Habib Handi Kabab Recipe Mix 50gm,50 gm,62,,Out of stock,Spices & recipe mix,QNE
Shan Chicken Jalfrazi Masala 50 gm,50 gm,75,61,Out of stock,Spices & recipe mix,QNE
Shan Chicken Handi Masala 50 gm,50 gm,80,64,Out of stock,Spices & recipe mix,QNE
Shan Fried Chop Steak Masala  50 gm,50 gm,43,,Out of stock,Spices & recipe mix,QNE
A&s Tamarind (Imlli) 500 gm,500 gm,160,150,Out of stock,Spices & recipe mix,QNE
A&s Sesame Seed (Till) 100 gm,100 gm,100,90,Out of stock,Spices & recipe mix,QNE
A&s Poppy Seed (Khash khash) 100 gm,100 gm,88,75,Out of stock,Spices & recipe mix,QNE
A&s Red Chilli Whole (Sabut Lal Mirch) 150 gm,150 gm,120,,Out of stock,Spices & recipe mix,QNE
A&s Cloves (Long) 50 gm,50 gm,200,170,Out of stock,Spices & recipe mix,QNE
A&s Black Cardamom (Big Elachi) 50 gm,50 gm,175,,Out of stock,Spices & recipe mix,QNE
A&s Cinnamon (Dar Chini) 100 gm,100 gm,190,,Out of stock,Spices & recipe mix,QNE
Shan Qasuri Methi - Leaves  25 gm,25 gm,50,40,Out of stock,Spices & recipe mix,QNE
Shan Iodized Refined Salt,,48,,In stock,Sugar & salt,QNE
Shan Iodized Salt  800 gm,800 gm,48,,In stock,Sugar & salt,QNE
Shan Himalayan Pink Salt  800 gm,800 gm,64,,In stock,Sugar & salt,QNE
Sugar 2kg,2 kg,176,,In stock,Sugar & salt,QNE
National Iodized Salt 800 gm,800 gm,44,,In stock,Sugar & salt,QNE
National Iodized Refined Salt 800 gm,800 gm,40,36,In stock,Sugar & salt,QNE
Sugar 1 Kg,1 Kg,100,92,In stock,Sugar & salt,QNE
Falak Himalayan Pink Salt 800gm,800 gm,95,85,In stock,Sugar & salt,QNE
Sugarie Granulated Brown Sugar 500 gm,500 gm,130,110,In stock,Sugar & salt,QNE
Ramzan package 2,,"2,500","2,199",In stock,Sugar & salt,QNE
Sugar 50Kg - Bag,50 Kg,"6,000","4,700",In stock,Sugar & salt,QNE
Sunridge 100% Whole Wheat Chakki Atta 5 Kg,5 Kg,825,,In stock,Flour & maida,QNE
Rafhan Corn Flour Box 300gm,300 gm,137,,In stock,Flour & maida,QNE
Baisan 1 KG,1 KG,205,195,In stock,Flour & maida,QNE
Ponam Chakki Atta 5kg,5 kg,750,,In stock,Flour & maida,QNE
Sunridge Maida 1 KG,1 KG,120,108,In stock,Flour & maida,QNE
Sunridge Whole Wheat Chakki Atta 10 Kg,10 Kg,"1,640",,In stock,Flour & maida,QNE
Ashrafi Fine Atta  10 Kg,10 Kg,900,885,In stock,Flour & maida,QNE
Sadi Chakki Atta 5 Kg,5 Kg,650,640,In stock,Flour & maida,QNE
Sunridge Super Fine Atta 5kg,5 kg,595,585,In stock,Flour & maida,QNE
Ramzan Package 1,,"1,500","1,299",In stock,Flour & maida,QNE
Ramzan package 2,,"2,500","2,199",In stock,Flour & maida,QNE
Ashrafi Chakki Atta 10Kg,10 Kg,800,,In stock,Flour & maida,QNE
Ramzan Package 3,,"3,500","3,199",In stock,Flour & maida,QNE
AL khubz Chakki Gold Floor 5kg,5 kg,390,,In stock,Flour & maida,QNE
Youngs French Creamy & Salted Mayonnaise Pouch 200ml,200 ml,165,,In stock,Mayonnaise & pickle,QNE
Youngs French Mayonnaise 500 ml,500 ml,330,,In stock,Mayonnaise & pickle,QNE
National Tomato Ketchup 400 Gm,400 Gm,173,,In stock,Mayonnaise & pickle,QNE
National Tomato Ketchup 800 Gm,800 Gm,319,,In stock,Mayonnaise & pickle,QNE
Shangrila Chilli Garlic Sauces 400 gm,400 gm,165,,In stock,Mayonnaise & pickle,QNE
National Chilli Garlic Sauce 800 Gm,800 Gm,319,,In stock,Mayonnaise & pickle,QNE
Shangrila Tomato Ketchup 400gm,400 gm,165,,In stock,Mayonnaise & pickle,QNE
National Mixed pickle 1kg jar,1 kg,487,,In stock,Mayonnaise & pickle,QNE
Shangrila Garlic Chilli Sauce 600gm Bottle,600 gm,251,241,In stock,Mayonnaise & pickle,QNE
National Mixed pickle Jar 400gm,400 gm,249,,In stock,Mayonnaise & pickle,QNE
Shan Mix Pickle  325 gm,325 gm,275,220,In stock,Mayonnaise & pickle,QNE
Mitchell's Chilli Garlic Sauce 300 gm,300 gm,242,232,In stock,Mayonnaise & pickle,QNE
Knorr Green Chutney 400GM,400 GM,240,223,In stock,Mayonnaise & pickle,QNE
Dipitt  Chipotle Sauce 290ml,290 ml,345,335,In stock,Mayonnaise & pickle,QNE
Shan Mango Pickle 320 gm,320 gm,285,228,In stock,Mayonnaise & pickle,QNE
NATIONAL TOMATO KETCHUP 235G,235 G,95,68,In stock,Mayonnaise & pickle,QNE
National Tomato Ketchup 100 Gm,100 Gm,30,25,In stock,Mayonnaise & pickle,QNE
National Garlic Mayo Pouch 1Kg,1 Kg,300,,In stock,Mayonnaise & pickle,QNE
Young's French Mayonnaise 1 litre,1 litre,451,,In stock,Mayonnaise & pickle,QNE
National Chilli Garlic Sauce 225gm,225 gm,96,83,In stock,Mayonnaise & pickle,QNE
National Mixed Pickle Pouch 1kg,1 kg,318,256,In stock,Mayonnaise & pickle,QNE
Mitchells Tomato Ketchup Pouch 1kg,1 kg,299,,In stock,Mayonnaise & pickle,QNE
National Chilli Garlic Sauce 400 Gm,400 Gm,193,172,In stock,Mayonnaise & pickle,QNE
National Mango Pickle 1000 gm,1000 gm,589,530,In stock,Mayonnaise & pickle,QNE
National Chilli Garlic Sauce 100 gm,100 gm,30,22,Out of stock,Mayonnaise & pickle,QNE
National Hyderabadi Mix Pickle 1000 gm,1000 gm,657,592,Out of stock,Mayonnaise & pickle,QNE
Knorr Chilli Garlic Sauce 800g,800 g,285,250,Out of stock,Mayonnaise & pickle,QNE
National Crushed Pickle 750gm,750 gm,572,519,Out of stock,Mayonnaise & pickle,QNE
Shangrila Mixed Pickle In Oil 400g,400 g,220,210,Out of stock,Mayonnaise & pickle,QNE
Shan Hyderabadi Mixed Pickle 300 Gm,300 Gm,185,130,Out of stock,Mayonnaise & pickle,QNE
Knorr Tomato Ketchup 150gm,150 gm,50,45,Out of stock,Mayonnaise & pickle,QNE
Knorr Chilli Garlic Sauce 150gm,150 gm,55,49,Out of stock,Mayonnaise & pickle,QNE
Mitchell's Chilli Garlic Sauce Pouch 1 kg,1 kg,319,,Out of stock,Mayonnaise & pickle,QNE
Shangrila Tomato Ketchup Can 4.4 kg,4.4 kg,845,835,Out of stock,Mayonnaise & pickle,QNE
Knorr Chilli Garlic Sauce 400gm,400 gm,175,162,Out of stock,Mayonnaise & pickle,QNE
Shangrila Imli Ginger Sauce 225gm,225 gm,85,,Out of stock,Mayonnaise & pickle,QNE
Shangrila Tomato Ketchup Balti 1.8kg,1.8 kg,370,360,Out of stock,Mayonnaise & pickle,QNE
Shan Mix Pickle 200 Gm,200 Gm,65,46,Out of stock,Mayonnaise & pickle,QNE
Mehran Tomato Ketchup 400gm,400 gm,130,125,Out of stock,Mayonnaise & pickle,QNE
Shan Mixed Pickle 200 GM,200 GM,65,46,Out of stock,Mayonnaise & pickle,QNE
Shangrila Bar-B-Q Sauce 500 gm,500 gm,165,155,Out of stock,Mayonnaise & pickle,QNE
National Chilli Pickle Jar 320gm,320 gm,180,170,Out of stock,Mayonnaise & pickle,QNE
Shan Garlic Pickle 300 Gm,300 Gm,250,175,Out of stock,Mayonnaise & pickle,QNE
Knorr Tomato Ketchup 400gm,400 gm,150,142,Out of stock,Mayonnaise & pickle,QNE
Shangrila Habanero Ketchup 400gm,400 gm,125,,Out of stock,Mayonnaise & pickle,QNE
Knorr Tomato Ketchup 800 gm,800 gm,229,,Out of stock,Mayonnaise & pickle,QNE
Shangrila  Green Chilli Sauce,,135,125,Out of stock,Mayonnaise & pickle,QNE
Shangrila Green Chilli Sauce 225 gm,225 gm,80,75,Out of stock,Mayonnaise & pickle,QNE
Shangrila Hyderabadi Pickle In Oil 400 gm,400 gm,165,156,Out of stock,Mayonnaise & pickle,QNE
Shangrila Chilli Garlic Sauce 225 gm,225 gm,95,85,Out of stock,Mayonnaise & pickle,QNE
Mehran Mango Pickles 1kg,1 kg,280,215,Out of stock,Mayonnaise & pickle,QNE
Hellmanns Real Mayonnaise 200ML,200 ML,150,132,Out of stock,Mayonnaise & pickle,QNE
Shangrila Peri Peri Garlic Sauce 150gm,150 gm,150,140,Out of stock,Mayonnaise & pickle,QNE
Shangrila Peri Peri Sauce Lemon & Herbs 150gm,150 gm,150,140,Out of stock,Mayonnaise & pickle,QNE
Shangrila Smoky Bbq Sauce 360gm,360 gm,255,218,Out of stock,Mayonnaise & pickle,QNE
Shangrila Mango Pickle 500g,500 g,185,158,Out of stock,Mayonnaise & pickle,QNE
Shangrila Tomato Ketchup 600gm Bottle,600 gm,180,177,Out of stock,Mayonnaise & pickle,QNE
Shangrila Hot & Spicy Ketchup 500g,500 g,135,125,Out of stock,Mayonnaise & pickle,QNE
Shangrila Peri Peri Sauce Extra Sauce 150gm,150 gm,145,135,Out of stock,Mayonnaise & pickle,QNE
Shangrila Mint Coriander Sauce 330gm,330 gm,195,185,Out of stock,Mayonnaise & pickle,QNE
Knorr Chilli Garlic 400gm Pack of 3 & Save Rs. 40,400 gm,525,485,Out of stock,Mayonnaise & pickle,QNE
Shangrila Peri Peri Sauce Hot 150gm,150 gm,150,140,Out of stock,Mayonnaise & pickle,QNE
Shangrilla Mixed Pickle Paste 1Kg,1 Kg,263,,Out of stock,Mayonnaise & pickle,QNE
Knorr Tometo Ketchup 800gm Pack of 3 & Save Rs.90,800 gm,930,840,Out of stock,Mayonnaise & pickle,QNE
Dipitt Oyster Sauce 300ml,300 ml,260,250,Out of stock,Mayonnaise & pickle,QNE
Shangrila Hot Sriracha Sauce 350gm Bottle,350 gm,225,215,Out of stock,Mayonnaise & pickle,QNE
National Chilli Garlic Pickles In Oil 310gm,310 gm,169,,Out of stock,Mayonnaise & pickle,QNE
Shangrila Peri Peri Sauce MILD 150gm,150 gm,150,140,Out of stock,Mayonnaise & pickle,QNE
Shangrila Mango Chilli 370gm,370 gm,255,200,Out of stock,Mayonnaise & pickle,QNE
Dipitt Hot Sauce 300ml,300 ml,260,250,Out of stock,Mayonnaise & pickle,QNE
Dipitt Mango Habanero Sauce 320ml,320 ml,255,245,Out of stock,Mayonnaise & pickle,QNE
Dipitt Buffalo Sauce Super Hot 300ml,300 ml,260,250,Out of stock,Mayonnaise & pickle,QNE
Shan Carrot Pickle 300 Gm,300 Gm,160,112,Out of stock,Mayonnaise & pickle,QNE
National Mango Pickle 400 gm,400 gm,304,275,Out of stock,Mayonnaise & pickle,QNE
Hellmanns Real Mayonnaise 475ML,475 ML,311,,Out of stock,Mayonnaise & pickle,QNE
Shangrila Sweet Thai Chilli Sauce 370gm,370 gm,225,215,Out of stock,Mayonnaise & pickle,QNE
Dipitt Chilli Garlic Sauce 300ml,300 ml,120,118,Out of stock,Mayonnaise & pickle,QNE
National Kasundi Mango Pickle Jar 320gm,320 gm,130,,Out of stock,Mayonnaise & pickle,QNE
Dipitt Tomato Ketchup 300ml,300 ml,127,117,Out of stock,Mayonnaise & pickle,QNE
Bake Parlor Chilli Garlic Sauce 450 gm,450 gm,180,135,Out of stock,Mayonnaise & pickle,QNE
Dipitt Pizza Sauce 300ml,300 ml,260,250,Out of stock,Mayonnaise & pickle,QNE
Bake Parlor Chilli Garlic Sauce 1kg,1 kg,300,180,Out of stock,Mayonnaise & pickle,QNE
National Hyderabadi Mix Pickle 320 gm,320 gm,258,220,Out of stock,Mayonnaise & pickle,QNE
Shangrila Peri Peri Sauce Extra Hot 300ml,300 ml,275,265,Out of stock,Mayonnaise & pickle,QNE
Shangrila Peri Peri Sauce Medium Garlic 300ml,300 ml,275,265,Out of stock,Mayonnaise & pickle,QNE
Mehran Chilli Garlic Sauce 500gm,500 gm,129,119,Out of stock,Mayonnaise & pickle,QNE
Shan Mixed Pickle 300gm,300 gm,122,,Out of stock,Mayonnaise & pickle,QNE
KANAS TOMATO KETCHUP ORIGINAL POUCH 500GM,500 GM,110,,Out of stock,Mayonnaise & pickle,QNE
Kanas Chilli Garlic Sauce Spiced Garlic Pouch 400 GM,400 GM,104,95,Out of stock,Mayonnaise & pickle,QNE
Shangrila Peri Peri Sauce Hot 300ml,300 ml,275,265,Out of stock,Mayonnaise & pickle,QNE
Shangrila Peri Peri Sauce Mild 300ml,300 ml,275,265,Out of stock,Mayonnaise & pickle,QNE
Shan Lemon Pickle 300 Gm,300 Gm,260,208,Out of stock,Mayonnaise & pickle,QNE
Bake Parlor Tomato Ketchup  1kg,1 kg,300,210,Out of stock,Mayonnaise & pickle,QNE
Dipitt Pasta Sauce 300ml,300 ml,260,250,Out of stock,Mayonnaise & pickle,QNE
Shangrila Peri Peri Sauce Extra Mild Lemon & Herbs 300ml,300 ml,275,265,Out of stock,Mayonnaise & pickle,QNE
Youngs French Sandwich Spread 300 ml,300 ml,245,,Out of stock,Mayonnaise & pickle,QNE
Shan Hyderabadi Mixed Pickle Pouch 1000 Gm,1000 Gm,675,539,Out of stock,Mayonnaise & pickle,QNE
Shan Chilli Pickle 300 Gm,300 Gm,205,,Out of stock,Mayonnaise & pickle,QNE
Heinz Creamy Classic Mayonnaise 400 ml,400 ml,500,465,Out of stock,Mayonnaise & pickle,QNE
National Chilli Pickle 310 gm,310 gm,90,,Out of stock,Mayonnaise & pickle,QNE
National Mango Pickle 320 gm,320 gm,259,235,Out of stock,Mayonnaise & pickle,QNE
Bake Parlor Three Color Fusilli Macaroni 400gm,400 gm,165,,In stock,Noodles & soup,QNE
Knorr Chatt Patta Noodles Family Pack 244gm,244 gm,270,,In stock,Noodles & soup,QNE
Knorr Noodles Chicken Family Pack 264gm,264 gm,260,255,In stock,Noodles & soup,QNE
Knorr Chicken Cube  18gm,18 gm,60,52,In stock,Noodles & soup,QNE
Knorr Pulao Cube  18gm,18 gm,45,40,In stock,Noodles & soup,QNE
Shan Shoop Chattpata Noodles 31.5 GM,31.5 GM,38,30,In stock,Noodles & soup,QNE
Bake Parlor Tikkah Macaroni 250 gm,250 gm,115,,In stock,Noodles & soup,QNE
Save Rs. 210 on Pack of 24 of Knorr Chatpatta  Noodles 61 Gm,210 on,"1,800","1,560",In stock,Noodles & soup,QNE
Bake Parlor Fancy Macroni Shell 400 gm,400 gm,165,,In stock,Noodles & soup,QNE
Bake Parlor Bar B.Q Macaroni 250 gm,250 gm,115,,In stock,Noodles & soup,QNE
Bake Parlor Fancy Fanny Dhari Penne Macaroni  400 Gm,400 Gm,180,150,In stock,Noodles & soup,QNE
Knorr Pulao Cube 18gm (5+1) Offer,18 gm,270,225,In stock,Noodles & soup,QNE
Knorr Spicy Tikka Noodles 61gm,61 gm,67,,In stock,Noodles & soup,QNE
Bake Parlor Fancy Spaghetti 500 gm,500 gm,210,,In stock,Noodles & soup,QNE
Knorr Chicken Corn Soup 46 gm,46 gm,135,105,In stock,Noodles & soup,QNE
Knorr Cream of Chicken Soup 50 gm,50 gm,135,105,In stock,Noodles & soup,QNE
Bake Parlor Jalfrezi Macaroni 250 gm,250 gm,115,100,In stock,Noodles & soup,QNE
Bake Parlor Cajun Spaghetti 250 gm,250 gm,115,100,In stock,Noodles & soup,QNE
Bake Parlor Chicken Manchurian 250 gm,250 gm,115,100,In stock,Noodles & soup,QNE
Bake Parlor Shashlik Macaroni 250 gm,250 gm,115,100,In stock,Noodles & soup,QNE
Bake Parlor Chicken Chowmein 250 gm,250 gm,115,,In stock,Noodles & soup,QNE
Bake Parlor Fancy Macroni Screw 400 gm,400 gm,180,150,In stock,Noodles & soup,QNE
Bake Parlor Real Egg Chinese Noodles 227 gm,227 gm,145,125,In stock,Noodles & soup,QNE
Knorr Hot & Sour Soup 50 gm,50 gm,95,,In stock,Noodles & soup,QNE
Knorr Noodles Chatt Patta 66gm,66 gm,50,,Out of stock,Noodles & soup,QNE
Knorr Noodles Chicken 31.5 gm Pack,31.5 gm,30,27,Out of stock,Noodles & soup,QNE
Shan Shoop Chicken Noodles 31.5 GM,31.5 GM,25,23,Out of stock,Noodles & soup,QNE
Knorr Noodle Chicken  66 gm,66 gm,60,56,Out of stock,Noodles & soup,QNE
Kolson Spaghetti 450 gm,450 gm,150,98,Out of stock,Noodles & soup,QNE
Buy 1 Knorr Chatt Patta Noodles Family Pack 264gm & Get 1 Knorr Noodles Chatt Patta 35gm Free,1 Knorr,187,,Out of stock,Noodles & soup,QNE
Knorr Noodles Blazin 132gm,132 gm,140,125,Out of stock,Noodles & soup,QNE
Bake Parlor Fancy Macroni Big Elbow 400 gm,400 gm,165,,Out of stock,Noodles & soup,QNE
Shan Shoop Masala Noodles 31.5 GM,31.5 GM,20,16,Out of stock,Noodles & soup,QNE
Shan Shoop ChattPata Noodles 65 GM,65 GM,60,48,Out of stock,Noodles & soup,QNE
Bake Parlor Spaghetti Box 450 gm,450 gm,175,,Out of stock,Noodles & soup,QNE
Shan Shoop Masala Noodles 65 GM,65 GM,45,32,Out of stock,Noodles & soup,QNE
Shan Shoop Chicken Noodles 65 GM,65 GM,45,35,Out of stock,Noodles & soup,QNE
Bake Parlor Fajita Spaghetti 250 gm,250 gm,115,99,Out of stock,Noodles & soup,QNE
Shan Shoop Spicy Garlic Instant Noodles  67 Gm,67 Gm,45,32,Out of stock,Noodles & soup,QNE
Shan Shoop LIiquid Tastemaker Cheese Flavour 72 GM,72 GM,50,40,Out of stock,Noodles & soup,QNE
Knorr Chicken Yakhni 20 gm,20 gm,40,35,Out of stock,Noodles & soup,QNE
Bake Parlor Fancy Macaroni Fusilli 400 gm,400 gm,160,118,Out of stock,Noodles & soup,QNE
Shan Shoop Pasta Instant Noodles 77Gm,77 Gm,45,39,Out of stock,Noodles & soup,QNE
Kolson Egg Noodles  227 gm,227 gm,150,135,Out of stock,Noodles & soup,QNE
Knorr Chicken Cube 40gm,40 gm,50,,Out of stock,Noodles & soup,QNE
Kolson Spaghetti 450 gm,450 gm,146,,Out of stock,Noodles & soup,QNE
Kolson Penne Arrabbiata  250 gm,250 gm,50,,Out of stock,Noodles & soup,QNE
Knorr Noodles Cheesy Chatt Patta 66G,66 G,50,42,Out of stock,Noodles & soup,QNE
Bake Parlor Fancy Macroni Penne 400 gm,400 gm,180,150,Out of stock,Noodles & soup,QNE
Marios Pasta Achari Macaroni Box 250 gm,250 gm,66,56,Out of stock,Noodles & soup,QNE
Marios Pasta Twisted Elbow Macaroni 400 gm,400 gm,110,,Out of stock,Noodles & soup,QNE
Kolson Kofta Spagetti 450g,450 g,110,99,Out of stock,Noodles & soup,QNE
Bake Parlor Fancy Macroni Ring 400 gm,400 gm,180,150,Out of stock,Noodles & soup,QNE
Marios Pasta Elbow Macaroni Box 400 gm,400 gm,110,,Out of stock,Noodles & soup,QNE
Marios Pasta Tikka Macaroni Box 250 gm,250 gm,74,,Out of stock,Noodles & soup,QNE
Bake Parlor Balti Macaroni 250 gm,250 gm,84,,Out of stock,Noodles & soup,QNE
Bake Parlor Achari Macaroni 250 gm,250 gm,100,84,Out of stock,Noodles & soup,QNE
Marios Pasta Fusilli Macaroni 400 gm,400 gm,110,,Out of stock,Noodles & soup,QNE
Marios Pasta Fajita Spaghetti Box 250 gm,250 gm,74,,Out of stock,Noodles & soup,QNE
Bake Parlor Chicken Lasagna 250 gm,250 gm,114,104,Out of stock,Noodles & soup,QNE
Bake Parlor Lasagne 400 gm,400 gm,280,245,Out of stock,Noodles & soup,QNE
Marios Pasta Spaghetti Box 450 gm,450 gm,110,,Out of stock,Noodles & soup,QNE
Marios Fasta Chatpata Flavor Instant Pasta 45 gm,45 gm,19,,Out of stock,Noodles & soup,QNE
Knorr Chicken Noodles 40 gm,40 gm,20,,Out of stock,Noodles & soup,QNE
Bake Parlor Seven Spice Macaroni 250 gm,250 gm,100,84,Out of stock,Noodles & soup,QNE
Bake Parlor Twisted Macaroni 400 gm,400 gm,135,125,Out of stock,Noodles & soup,QNE
Bake Parlor Meat Ball Spaghetti 250 gm,250 gm,74,,Out of stock,Noodles & soup,QNE
Bake Parlor Macaroni Biryani 250 gm,250 gm,84,74,Out of stock,Noodles & soup,QNE
